city,global_index
manhattan,10189
manhattan,46265
manhattan,52686
manhattan,24024
manhattan,32358
manhattan,48514
manhattan,50117
manhattan,19419
manhattan,15399
manhattan,13021
manhattan,51604
manhattan,15729
manhattan,34369
manhattan,912
manhattan,26266
manhattan,6587
manhattan,45799
manhattan,17473
manhattan,11859
manhattan,52235
manhattan,40961
manhattan,2457
manhattan,39788
manhattan,33040
manhattan,16075
manhattan,41517
manhattan,10360
manhattan,29855
manhattan,15881
manhattan,4493
manhattan,4653
manhattan,37278
manhattan,37304
manhattan,16613
manhattan,42358
manhattan,11588
manhattan,39644
manhattan,33453
manhattan,54175
manhattan,53641
manhattan,12640
manhattan,26407
manhattan,48177
manhattan,23671
manhattan,50905
manhattan,55274
manhattan,15907
manhattan,46001
manhattan,48090
manhattan,14256
manhattan,28836
manhattan,5390
manhattan,18912
manhattan,26258
manhattan,42563
manhattan,50145
manhattan,31597
manhattan,8941
manhattan,27261
manhattan,5560
manhattan,22710
manhattan,35763
manhattan,3750
manhattan,13555
manhattan,22880
manhattan,28566
manhattan,19716
manhattan,52268
manhattan,32444
manhattan,27208
manhattan,53336
manhattan,32501
manhattan,16034
manhattan,44303
manhattan,51526
manhattan,35686
manhattan,839
manhattan,34479
manhattan,3502
manhattan,53790
manhattan,6077
manhattan,49653
manhattan,23946
manhattan,8899
manhattan,43872
manhattan,38718
manhattan,28075
manhattan,52589
manhattan,11950
manhattan,49007
manhattan,29303
manhattan,35805
manhattan,16706
manhattan,48001
manhattan,44106
manhattan,30177
manhattan,24802
manhattan,2096
manhattan,23243
manhattan,43086
manhattan,52021
manhattan,8728
manhattan,38616
manhattan,11888
manhattan,25524
manhattan,4127
manhattan,33356
manhattan,15970
manhattan,4751
manhattan,7924
manhattan,38640
manhattan,43969
manhattan,7970
manhattan,26643
manhattan,52483
manhattan,40082
manhattan,49416
manhattan,16956
manhattan,45181
manhattan,54140
manhattan,338
manhattan,33807
manhattan,55066
manhattan,55565
manhattan,25599
manhattan,36661
manhattan,7662
manhattan,35867
manhattan,14276
manhattan,7643
manhattan,13641
manhattan,51178
manhattan,32316
manhattan,54255
manhattan,17879
manhattan,21454
manhattan,2285
manhattan,20091
manhattan,51490
manhattan,27118
manhattan,3915
manhattan,35635
manhattan,24396
manhattan,34393
manhattan,16418
manhattan,1155
manhattan,44729
manhattan,50944
manhattan,3221
manhattan,36209
manhattan,12317
manhattan,2496
manhattan,40847
manhattan,30388
manhattan,42289
manhattan,50402
manhattan,1589
manhattan,10730
manhattan,6697
manhattan,35355
manhattan,53168
manhattan,43694
manhattan,32367
manhattan,16211
manhattan,42174
manhattan,31867
manhattan,51019
manhattan,28727
manhattan,36418
manhattan,30608
manhattan,31686
manhattan,5197
manhattan,2901
manhattan,48655
manhattan,24058
manhattan,26573
manhattan,35557
manhattan,2064
manhattan,10113
manhattan,19654
manhattan,1191
manhattan,47263
manhattan,6755
manhattan,36457
manhattan,18042
manhattan,28356
manhattan,32458
manhattan,22906
manhattan,51215
manhattan,5869
manhattan,23932
manhattan,52532
manhattan,608
manhattan,33407
manhattan,29457
manhattan,14658
manhattan,6429
manhattan,11596
manhattan,38416
manhattan,7641
manhattan,3792
manhattan,12604
manhattan,46886
manhattan,20443
manhattan,31632
manhattan,41354
manhattan,18145
manhattan,50224
manhattan,5233
manhattan,1039
manhattan,17701
manhattan,11577
manhattan,53164
manhattan,21686
manhattan,26878
manhattan,25541
manhattan,4105
manhattan,20037
manhattan,17459
manhattan,441
manhattan,32625
manhattan,50015
manhattan,13879
manhattan,52061
manhattan,9496
manhattan,52474
manhattan,41447
manhattan,42317
manhattan,25564
manhattan,44766
manhattan,31981
manhattan,46192
manhattan,22087
manhattan,13406
manhattan,31355
manhattan,52416
manhattan,415
manhattan,28375
manhattan,23011
manhattan,28153
manhattan,26394
manhattan,44342
manhattan,16914
manhattan,1139
manhattan,17806
manhattan,41734
manhattan,54008
manhattan,40750
manhattan,43069
manhattan,21078
manhattan,13969
manhattan,26726
manhattan,9358
manhattan,31025
manhattan,32873
manhattan,43324
manhattan,39173
manhattan,12026
manhattan,9859
manhattan,14109
manhattan,47204
manhattan,39590
manhattan,34459
manhattan,17464
manhattan,52659
manhattan,22094
manhattan,23498
manhattan,48237
manhattan,29114
manhattan,11649
manhattan,53475
manhattan,52977
manhattan,25214
manhattan,55465
manhattan,33185
manhattan,38469
manhattan,37027
manhattan,27025
manhattan,46251
manhattan,20508
manhattan,27401
manhattan,49547
manhattan,45040
manhattan,16677
manhattan,45474
manhattan,9460
manhattan,4700
manhattan,35564
manhattan,43930
manhattan,6279
manhattan,27585
manhattan,51872
manhattan,17612
manhattan,39496
manhattan,28442
manhattan,53252
manhattan,7515
manhattan,27546
manhattan,25279
manhattan,22617
manhattan,38768
manhattan,20598
manhattan,23013
manhattan,51561
manhattan,25101
manhattan,22396
manhattan,55479
manhattan,44314
manhattan,14409
manhattan,50302
manhattan,27753
manhattan,35576
manhattan,34392
manhattan,10362
manhattan,33304
manhattan,43771
manhattan,17177
manhattan,54712
manhattan,2405
manhattan,48182
manhattan,36072
manhattan,37213
manhattan,31772
manhattan,54228
manhattan,38443
manhattan,17627
manhattan,8546
manhattan,4235
manhattan,2563
manhattan,25945
manhattan,48281
manhattan,39957
manhattan,22975
manhattan,26512
manhattan,2116
manhattan,49734
manhattan,22832
manhattan,21971
manhattan,727
manhattan,7571
manhattan,21084
manhattan,20899
manhattan,41512
manhattan,3390
manhattan,28889
manhattan,40587
manhattan,42586
manhattan,29780
manhattan,5922
manhattan,10921
manhattan,3932
manhattan,47091
manhattan,37001
manhattan,53508
manhattan,11664
manhattan,17937
manhattan,40636
manhattan,51505
manhattan,3875
manhattan,19574
manhattan,29013
manhattan,31829
manhattan,29396
manhattan,22904
manhattan,5194
manhattan,1213
manhattan,6344
manhattan,32022
manhattan,1736
manhattan,37893
manhattan,28102
manhattan,32368
manhattan,13486
manhattan,6383
manhattan,15047
manhattan,53477
manhattan,50139
manhattan,35211
manhattan,7903
manhattan,22732
manhattan,29465
manhattan,35544
manhattan,12280
manhattan,10717
manhattan,43941
manhattan,45524
manhattan,6576
manhattan,40796
manhattan,26657
manhattan,34243
manhattan,13762
manhattan,4940
manhattan,32372
manhattan,24692
manhattan,35503
manhattan,48710
manhattan,6849
manhattan,27340
manhattan,23503
manhattan,40474
manhattan,43475
manhattan,34956
manhattan,50652
manhattan,27417
manhattan,15670
manhattan,52418
manhattan,49354
manhattan,26987
manhattan,42095
manhattan,8538
manhattan,23990
manhattan,49629
manhattan,25461
manhattan,7203
manhattan,20562
manhattan,55542
manhattan,10297
manhattan,47926
manhattan,20963
manhattan,24110
manhattan,38445
manhattan,42768
manhattan,43187
manhattan,12806
manhattan,33818
manhattan,29730
manhattan,50320
manhattan,25668
manhattan,54220
manhattan,11698
manhattan,1004
manhattan,23796
manhattan,15508
manhattan,50088
manhattan,22916
manhattan,9434
manhattan,23695
manhattan,55738
manhattan,22694
manhattan,30854
manhattan,48033
manhattan,37401
manhattan,1597
manhattan,10994
manhattan,31948
manhattan,39474
manhattan,54203
manhattan,51280
manhattan,54728
manhattan,5827
manhattan,12555
manhattan,43957
manhattan,17300
manhattan,13089
manhattan,36441
manhattan,9113
manhattan,20608
manhattan,41618
manhattan,25896
manhattan,17636
manhattan,30241
manhattan,17495
manhattan,24428
manhattan,7512
manhattan,19807
manhattan,7292
manhattan,27051
manhattan,49005
manhattan,35495
manhattan,14975
manhattan,42460
manhattan,44886
manhattan,26428
manhattan,55522
manhattan,26261
manhattan,43641
manhattan,30427
manhattan,32599
manhattan,49141
manhattan,16376
manhattan,47261
manhattan,48124
manhattan,22139
manhattan,9759
manhattan,21506
manhattan,26979
manhattan,43103
manhattan,35553
manhattan,34789
manhattan,45330
manhattan,6620
manhattan,53768
manhattan,518
manhattan,3035
manhattan,51029
manhattan,18194
manhattan,23186
manhattan,44293
manhattan,4681
manhattan,26437
manhattan,41457
manhattan,46040
manhattan,46569
manhattan,22516
manhattan,30969
manhattan,24501
manhattan,4639
manhattan,14416
manhattan,18820
manhattan,5453
manhattan,2254
manhattan,45805
manhattan,48192
manhattan,42507
manhattan,34229
manhattan,51407
manhattan,52908
manhattan,10710
manhattan,12435
manhattan,49048
manhattan,40093
manhattan,35404
manhattan,54947
manhattan,32891
manhattan,22221
manhattan,12592
manhattan,13978
manhattan,32827
manhattan,5166
manhattan,1407
manhattan,46288
manhattan,5181
manhattan,31773
manhattan,40150
manhattan,54142
manhattan,8979
manhattan,29312
manhattan,41506
manhattan,18828
manhattan,54075
manhattan,1277
manhattan,1238
manhattan,2315
manhattan,14097
manhattan,43970
manhattan,39106
manhattan,44673
manhattan,15546
manhattan,9842
manhattan,22224
manhattan,24103
manhattan,2621
manhattan,18734
manhattan,44784
manhattan,27476
manhattan,28000
manhattan,16579
manhattan,45188
manhattan,8706
manhattan,7787
manhattan,37275
manhattan,22070
manhattan,40479
manhattan,54419
manhattan,3293
manhattan,17644
manhattan,51158
manhattan,34568
manhattan,3688
manhattan,27388
manhattan,52872
manhattan,28119
manhattan,23352
manhattan,40179
manhattan,16481
manhattan,12712
manhattan,41339
manhattan,39777
manhattan,38637
manhattan,2400
manhattan,681
manhattan,17956
manhattan,18728
manhattan,54312
manhattan,22424
manhattan,43210
manhattan,35297
manhattan,23143
manhattan,28997
manhattan,23839
manhattan,39338
manhattan,48118
manhattan,49026
manhattan,13025
manhattan,24161
manhattan,55233
manhattan,4211
manhattan,34352
manhattan,1903
manhattan,14595
manhattan,46105
manhattan,51297
manhattan,42765
manhattan,2519
manhattan,3437
manhattan,41343
manhattan,21881
manhattan,40006
manhattan,26323
manhattan,18950
manhattan,10004
manhattan,25796
manhattan,51183
manhattan,6691
manhattan,1595
manhattan,50682
manhattan,29477
manhattan,7399
manhattan,8288
manhattan,26391
manhattan,46588
manhattan,49144
manhattan,1661
manhattan,44602
manhattan,12989
manhattan,1703
manhattan,6285
manhattan,17368
manhattan,46618
manhattan,36378
manhattan,7731
manhattan,325
manhattan,3385
manhattan,29305
manhattan,51485
manhattan,10819
manhattan,40108
manhattan,35212
manhattan,25579
manhattan,13645
manhattan,38021
manhattan,32027
manhattan,2276
manhattan,5868
manhattan,33360
manhattan,7809
manhattan,44871
manhattan,52857
manhattan,8883
manhattan,34690
manhattan,16074
manhattan,35566
manhattan,19344
manhattan,41776
manhattan,21088
manhattan,49216
manhattan,26625
manhattan,38136
manhattan,41042
manhattan,10343
manhattan,46330
manhattan,29385
manhattan,16216
manhattan,10392
manhattan,55450
manhattan,29332
manhattan,11804
manhattan,36606
manhattan,39901
manhattan,25770
manhattan,51897
manhattan,22833
manhattan,41992
manhattan,46868
manhattan,4691
manhattan,51544
manhattan,27155
manhattan,15015
manhattan,1279
manhattan,41653
manhattan,831
manhattan,46437
manhattan,30266
manhattan,32551
manhattan,9707
manhattan,7849
manhattan,17221
manhattan,46319
manhattan,49530
manhattan,11320
manhattan,3058
manhattan,29750
manhattan,31327
manhattan,34759
manhattan,28501
manhattan,8252
manhattan,31827
manhattan,4839
manhattan,30661
manhattan,46219
manhattan,3592
manhattan,30152
manhattan,4104
manhattan,33779
manhattan,52007
manhattan,52275
manhattan,5792
manhattan,46357
manhattan,35318
manhattan,8330
manhattan,22157
manhattan,8200
manhattan,51629
manhattan,12864
manhattan,16971
manhattan,46421
manhattan,18925
manhattan,31399
manhattan,30560
manhattan,51652
manhattan,34597
manhattan,7966
manhattan,55251
manhattan,3355
manhattan,27848
manhattan,25042
manhattan,14180
manhattan,24545
manhattan,35245
manhattan,50221
manhattan,32609
manhattan,43420
manhattan,24243
manhattan,21309
manhattan,37016
manhattan,3753
manhattan,1234
manhattan,7713
manhattan,43489
manhattan,41244
manhattan,7333
manhattan,14923
manhattan,12959
manhattan,44443
manhattan,2187
manhattan,192
manhattan,40535
manhattan,24273
manhattan,35126
manhattan,24493
manhattan,47938
manhattan,39275
manhattan,10386
manhattan,43864
manhattan,46958
manhattan,54042
manhattan,39719
manhattan,27541
manhattan,48816
manhattan,22787
manhattan,44646
manhattan,39800
manhattan,42415
manhattan,37638
manhattan,31909
manhattan,54771
manhattan,3421
manhattan,44077
manhattan,40388
manhattan,43261
manhattan,51325
manhattan,25844
manhattan,16441
manhattan,50121
manhattan,13583
manhattan,47712
manhattan,44240
manhattan,35423
manhattan,52871
manhattan,18591
manhattan,50426
manhattan,8369
manhattan,31055
manhattan,15137
manhattan,18225
manhattan,29769
manhattan,44206
manhattan,36269
manhattan,15028
manhattan,10173
manhattan,5312
manhattan,40563
manhattan,3203
manhattan,13778
manhattan,53180
manhattan,31774
manhattan,32902
manhattan,53723
manhattan,28536
manhattan,15685
manhattan,45725
manhattan,22065
manhattan,2310
manhattan,8470
manhattan,18584
manhattan,224
manhattan,22302
manhattan,13003
manhattan,6703
manhattan,4267
manhattan,28607
manhattan,43212
manhattan,37122
manhattan,17796
manhattan,31766
manhattan,53538
manhattan,49453
manhattan,48620
manhattan,19798
manhattan,10102
manhattan,37926
manhattan,12417
manhattan,13506
manhattan,24640
manhattan,10499
manhattan,9688
manhattan,40
manhattan,5684
manhattan,40589
manhattan,19013
manhattan,33190
manhattan,24578
manhattan,41158
manhattan,16584
manhattan,26426
manhattan,26679
manhattan,51440
manhattan,29902
manhattan,55339
manhattan,3256
manhattan,46366
manhattan,6665
manhattan,20185
manhattan,33509
manhattan,53777
manhattan,2959
manhattan,10017
manhattan,3790
manhattan,4532
manhattan,1078
manhattan,9400
manhattan,11519
manhattan,53824
manhattan,25134
manhattan,9858
manhattan,16791
manhattan,40924
manhattan,30323
manhattan,22190
manhattan,808
manhattan,1649
manhattan,16822
manhattan,50889
manhattan,27850
manhattan,50353
manhattan,27812
manhattan,37609
manhattan,20470
manhattan,10273
manhattan,9278
manhattan,41625
manhattan,28697
manhattan,19084
manhattan,1895
manhattan,38764
manhattan,38252
manhattan,9380
manhattan,50922
manhattan,6534
manhattan,49770
manhattan,43587
manhattan,18
manhattan,50968
manhattan,16463
manhattan,8649
manhattan,14879
manhattan,52913
manhattan,25328
manhattan,31044
manhattan,19479
manhattan,47757
manhattan,20796
manhattan,18717
manhattan,1433
manhattan,17563
manhattan,39908
manhattan,21906
manhattan,27599
manhattan,43654
manhattan,9376
manhattan,8504
manhattan,27097
manhattan,15932
manhattan,22454
manhattan,25803
manhattan,43638
manhattan,51751
manhattan,3647
manhattan,28612
manhattan,55752
manhattan,39120
manhattan,3308
manhattan,36862
manhattan,5048
manhattan,30252
manhattan,41554
manhattan,3480
manhattan,41806
manhattan,12038
manhattan,41629
manhattan,46696
manhattan,20745
manhattan,46104
manhattan,52784
manhattan,8792
manhattan,46296
manhattan,18968
manhattan,49758
manhattan,44287
manhattan,51768
manhattan,18572
manhattan,3172
manhattan,1851
manhattan,17406
manhattan,14079
manhattan,30438
manhattan,54972
manhattan,9342
manhattan,9466
manhattan,22150
manhattan,47658
manhattan,607
manhattan,46855
manhattan,45404
manhattan,23401
manhattan,55685
manhattan,15815
manhattan,39081
manhattan,47662
manhattan,3492
manhattan,7833
manhattan,26712
manhattan,42286
manhattan,37549
manhattan,17570
manhattan,53600
manhattan,20871
manhattan,42877
manhattan,38923
manhattan,3052
manhattan,54297
manhattan,31164
manhattan,3282
manhattan,55675
manhattan,6210
manhattan,25218
manhattan,17759
manhattan,52080
manhattan,31154
manhattan,20267
manhattan,54002
manhattan,50205
manhattan,37769
manhattan,50688
manhattan,36575
manhattan,48492
manhattan,23404
manhattan,6904
manhattan,47807
manhattan,54420
manhattan,4545
manhattan,15559
manhattan,39042
manhattan,34249
manhattan,52573
manhattan,47516
manhattan,38762
manhattan,54359
manhattan,30423
manhattan,54040
manhattan,33103
manhattan,28388
manhattan,41623
manhattan,23220
manhattan,33727
manhattan,14835
manhattan,5992
manhattan,10207
manhattan,33315
manhattan,36864
manhattan,1822
manhattan,21678
manhattan,3466
manhattan,32909
manhattan,3317
manhattan,42885
manhattan,27061
manhattan,25005
manhattan,12066
manhattan,50409
manhattan,9212
manhattan,47583
manhattan,17778
manhattan,37404
manhattan,11410
manhattan,6334
manhattan,3195
manhattan,45523
manhattan,28278
manhattan,14128
manhattan,48927
manhattan,55621
manhattan,31145
manhattan,27617
manhattan,4043
manhattan,42099
manhattan,3140
manhattan,38856
manhattan,20326
manhattan,34170
manhattan,36990
manhattan,9452
manhattan,30058
manhattan,44006
manhattan,46545
manhattan,46327
manhattan,41046
manhattan,14120
manhattan,29995
manhattan,35214
manhattan,44525
manhattan,18050
manhattan,53056
manhattan,35350
manhattan,9158
manhattan,2253
manhattan,13119
manhattan,49391
manhattan,576
manhattan,55532
manhattan,11568
manhattan,22502
manhattan,31777
manhattan,4960
manhattan,32342
manhattan,39893
manhattan,23559
manhattan,26640
manhattan,34497
manhattan,36404
manhattan,44941
manhattan,43577
manhattan,4998
manhattan,20135
manhattan,36922
manhattan,39307
manhattan,5876
manhattan,1498
manhattan,3870
manhattan,5130
manhattan,10409
manhattan,25669
manhattan,5990
manhattan,37918
manhattan,25463
manhattan,31540
manhattan,29692
manhattan,7824
manhattan,30483
manhattan,20830
manhattan,4978
manhattan,5416
manhattan,23996
manhattan,12447
manhattan,32589
manhattan,9586
manhattan,23703
manhattan,44389
manhattan,49053
manhattan,7392
manhattan,40732
manhattan,28219
manhattan,20698
manhattan,41000
manhattan,17077
manhattan,30394
manhattan,12
manhattan,20498
manhattan,21647
manhattan,8837
manhattan,22668
manhattan,24198
manhattan,26025
manhattan,2291
manhattan,24473
manhattan,2527
manhattan,10485
manhattan,41520
manhattan,17746
manhattan,50116
manhattan,9808
manhattan,14372
manhattan,50342
manhattan,12933
manhattan,33529
manhattan,5371
manhattan,24787
manhattan,10184
manhattan,35746
manhattan,201
manhattan,51875
manhattan,17550
manhattan,36081
manhattan,22846
manhattan,52602
manhattan,20547
manhattan,48181
manhattan,24420
manhattan,26658
manhattan,53213
manhattan,21733
manhattan,23405
manhattan,43007
manhattan,13785
manhattan,7438
manhattan,34066
manhattan,51867
manhattan,31604
manhattan,9203
manhattan,12326
manhattan,21126
manhattan,39804
manhattan,16864
manhattan,8511
manhattan,44523
manhattan,51498
manhattan,45387
manhattan,15335
manhattan,1229
manhattan,39387
manhattan,22807
manhattan,55173
manhattan,15
manhattan,30328
manhattan,20247
manhattan,9787
manhattan,10087
manhattan,10640
manhattan,41347
manhattan,3477
manhattan,3930
manhattan,22113
manhattan,32038
manhattan,55427
manhattan,34218
manhattan,41265
manhattan,18647
manhattan,21846
manhattan,2340
manhattan,5934
manhattan,46404
manhattan,7425
manhattan,20409
manhattan,23390
manhattan,48726
manhattan,12153
manhattan,21967
manhattan,17087
manhattan,50355
manhattan,39256
manhattan,3997
manhattan,46969
manhattan,34447
manhattan,21876
manhattan,7431
manhattan,54204
manhattan,13282
manhattan,7910
manhattan,11959
manhattan,24359
manhattan,51708
manhattan,46859
manhattan,34504
manhattan,10986
manhattan,41828
manhattan,55334
manhattan,21940
manhattan,17942
manhattan,15163
manhattan,52521
manhattan,11973
manhattan,28968
manhattan,34934
manhattan,34214
manhattan,38
manhattan,35425
manhattan,21865
manhattan,35281
manhattan,53286
manhattan,42687
manhattan,28495
manhattan,27529
manhattan,16153
manhattan,21978
manhattan,32568
manhattan,31171
manhattan,15818
manhattan,49439
manhattan,761
manhattan,46292
manhattan,14498
manhattan,49494
manhattan,50393
manhattan,36523
manhattan,4445
manhattan,36588
manhattan,21020
manhattan,48129
manhattan,2233
manhattan,31676
manhattan,34841
manhattan,16057
manhattan,20821
manhattan,10326
manhattan,20646
manhattan,54827
manhattan,7763
manhattan,38482
manhattan,3812
manhattan,25182
manhattan,45963
manhattan,36343
manhattan,23177
manhattan,35380
manhattan,17864
manhattan,42324
manhattan,47587
manhattan,19273
manhattan,19582
manhattan,2208
manhattan,52780
manhattan,41881
manhattan,8469
manhattan,15067
manhattan,48269
manhattan,45002
manhattan,42789
manhattan,52799
manhattan,26077
manhattan,31388
manhattan,25607
manhattan,17613
manhattan,17312
manhattan,20490
manhattan,27750
manhattan,28108
manhattan,27021
manhattan,49369
manhattan,15037
manhattan,4985
manhattan,40455
manhattan,25252
manhattan,16859
manhattan,9945
manhattan,46626
manhattan,11949
manhattan,35464
manhattan,24037
manhattan,37891
manhattan,49122
manhattan,26014
manhattan,30261
manhattan,30311
manhattan,43152
manhattan,20034
manhattan,16242
manhattan,47874
manhattan,8095
manhattan,21703
manhattan,5508
manhattan,25623
manhattan,40883
manhattan,43439
manhattan,34217
manhattan,27777
manhattan,5424
manhattan,50620
manhattan,8699
manhattan,50032
manhattan,17067
manhattan,8800
manhattan,2461
manhattan,14432
manhattan,5774
manhattan,8611
manhattan,47149
manhattan,36149
manhattan,44551
manhattan,17561
manhattan,44361
manhattan,51567
manhattan,1324
manhattan,15534
manhattan,13775
manhattan,4901
manhattan,8737
manhattan,43792
manhattan,8943
manhattan,7790
manhattan,37776
manhattan,32385
manhattan,12407
manhattan,46095
manhattan,31040
manhattan,40327
manhattan,11992
manhattan,24733
manhattan,1276
manhattan,19567
manhattan,18420
manhattan,33100
manhattan,48994
manhattan,19476
manhattan,20421
manhattan,33228
manhattan,773
manhattan,4733
manhattan,28703
manhattan,39574
manhattan,43228
manhattan,42062
manhattan,55543
manhattan,34720
manhattan,277
manhattan,1391
manhattan,7445
manhattan,32380
manhattan,32698
manhattan,50111
manhattan,50990
manhattan,288
manhattan,39696
manhattan,50874
manhattan,54200
manhattan,44662
manhattan,13043
manhattan,13332
manhattan,6510
manhattan,28100
manhattan,24842
manhattan,36766
manhattan,55566
manhattan,53299
manhattan,49363
manhattan,12809
manhattan,4828
manhattan,28133
manhattan,46794
manhattan,48076
manhattan,32834
manhattan,21997
manhattan,49976
manhattan,17852
manhattan,39328
manhattan,49854
manhattan,14181
manhattan,22531
manhattan,33064
manhattan,6010
manhattan,40537
manhattan,43516
manhattan,35062
manhattan,55398
manhattan,22766
manhattan,17349
manhattan,16975
manhattan,10577
manhattan,41545
manhattan,26811
manhattan,48964
manhattan,1826
manhattan,46080
manhattan,36174
manhattan,11016
manhattan,30005
manhattan,45080
manhattan,9464
manhattan,19625
manhattan,15976
manhattan,34359
manhattan,18996
manhattan,7186
manhattan,40752
manhattan,43377
manhattan,19631
manhattan,48558
manhattan,46230
manhattan,31898
manhattan,14633
manhattan,30810
manhattan,36730
manhattan,30236
manhattan,31065
manhattan,17633
manhattan,30792
manhattan,42398
manhattan,12080
manhattan,32048
manhattan,29657
manhattan,21779
manhattan,9263
manhattan,2768
manhattan,39281
manhattan,31186
manhattan,50845
manhattan,17304
manhattan,673
manhattan,48810
manhattan,15347
manhattan,13927
manhattan,42164
manhattan,20737
manhattan,37382
manhattan,26527
manhattan,42555
manhattan,53017
manhattan,16335
manhattan,17608
manhattan,43765
manhattan,43017
manhattan,23804
manhattan,30149
manhattan,30667
manhattan,12759
manhattan,9831
manhattan,42792
manhattan,17972
manhattan,48788
manhattan,15788
manhattan,15588
manhattan,10183
manhattan,13631
manhattan,27104
manhattan,10445
manhattan,42660
manhattan,55253
manhattan,16588
manhattan,35846
manhattan,52767
manhattan,15220
manhattan,54650
manhattan,5362
manhattan,40665
manhattan,6774
manhattan,35087
manhattan,23700
manhattan,31814
manhattan,10670
manhattan,1453
manhattan,27408
manhattan,44797
manhattan,4180
manhattan,43000
manhattan,18438
manhattan,51698
manhattan,54192
manhattan,13171
manhattan,52257
manhattan,38204
manhattan,21146
manhattan,37466
manhattan,35656
manhattan,33518
manhattan,14038
manhattan,38635
manhattan,18070
manhattan,46735
manhattan,18546
manhattan,30579
manhattan,50634
manhattan,10472
manhattan,39721
manhattan,51383
manhattan,38388
manhattan,36152
manhattan,5006
manhattan,8457
manhattan,307
manhattan,16420
manhattan,31425
manhattan,641
manhattan,52760
manhattan,4694
manhattan,16918
manhattan,4434
manhattan,23176
manhattan,34470
manhattan,11391
manhattan,17451
manhattan,43745
manhattan,22581
manhattan,19506
manhattan,24212
manhattan,27018
manhattan,48668
manhattan,12845
manhattan,25773
manhattan,54923
manhattan,8613
manhattan,15533
manhattan,45142
manhattan,44624
manhattan,15938
manhattan,853
manhattan,25997
manhattan,3620
manhattan,42683
manhattan,5679
manhattan,10078
manhattan,53438
manhattan,21187
manhattan,26296
manhattan,54163
manhattan,28618
manhattan,13060
manhattan,39783
manhattan,32120
manhattan,44038
manhattan,28534
manhattan,50198
manhattan,31806
manhattan,32783
manhattan,43774
manhattan,7196
manhattan,39379
manhattan,53185
manhattan,27689
manhattan,32639
manhattan,23479
manhattan,11001
manhattan,34768
manhattan,49175
manhattan,38198
manhattan,15772
manhattan,54912
manhattan,45443
manhattan,50084
manhattan,28731
manhattan,44753
manhattan,27019
manhattan,284
manhattan,38367
manhattan,16628
manhattan,28771
manhattan,41503
manhattan,4494
manhattan,21027
manhattan,18836
manhattan,52168
manhattan,30274
manhattan,37687
manhattan,50243
manhattan,32291
manhattan,10523
manhattan,22201
manhattan,401
manhattan,48387
manhattan,53732
manhattan,25967
manhattan,23389
manhattan,7087
manhattan,16298
manhattan,33194
manhattan,5600
manhattan,20658
manhattan,14431
manhattan,34904
manhattan,25382
manhattan,30357
manhattan,20833
manhattan,724
manhattan,18551
manhattan,21612
manhattan,27126
manhattan,51969
manhattan,2778
manhattan,40922
manhattan,3231
manhattan,46833
manhattan,26226
manhattan,33052
manhattan,20793
manhattan,6133
manhattan,25237
manhattan,10303
manhattan,34420
manhattan,23900
manhattan,18052
manhattan,40969
manhattan,49860
manhattan,47859
manhattan,8656
manhattan,13671
manhattan,8451
manhattan,5466
manhattan,4225
manhattan,37919
manhattan,30999
manhattan,17320
manhattan,19370
manhattan,34835
manhattan,49224
manhattan,23299
manhattan,55016
manhattan,31290
manhattan,30485
manhattan,11263
manhattan,30994
manhattan,39829
manhattan,29097
manhattan,41041
manhattan,37281
manhattan,50185
manhattan,6135
manhattan,46723
manhattan,12580
manhattan,13575
manhattan,7231
manhattan,42918
manhattan,27550
manhattan,3022
manhattan,6808
manhattan,3167
manhattan,20606
manhattan,55641
manhattan,23397
manhattan,52
manhattan,42693
manhattan,38572
manhattan,44976
manhattan,53784
manhattan,9715
manhattan,15582
manhattan,25373
manhattan,55432
manhattan,1268
manhattan,7159
manhattan,31370
manhattan,3889
manhattan,24535
manhattan,5114
manhattan,14029
manhattan,22933
manhattan,24719
manhattan,32658
manhattan,43681
manhattan,33553
manhattan,20063
manhattan,703
manhattan,21925
manhattan,7835
manhattan,35303
manhattan,37349
manhattan,2417
manhattan,9888
manhattan,24735
manhattan,1106
manhattan,44608
manhattan,45397
manhattan,45280
manhattan,51668
manhattan,10834
manhattan,28856
manhattan,9550
manhattan,25826
manhattan,2570
manhattan,29694
manhattan,64
manhattan,8197
manhattan,35758
manhattan,24559
manhattan,40691
manhattan,8199
manhattan,40497
manhattan,24384
manhattan,17487
manhattan,8961
manhattan,6525
manhattan,22128
manhattan,40198
manhattan,26012
manhattan,22435
manhattan,13886
manhattan,17072
manhattan,40482
manhattan,25994
manhattan,22210
manhattan,1151
manhattan,38592
manhattan,21723
manhattan,6941
manhattan,20290
manhattan,6119
manhattan,41894
manhattan,27749
manhattan,2681
manhattan,13062
manhattan,54750
manhattan,102
manhattan,7558
manhattan,9193
manhattan,17870
manhattan,12873
manhattan,27653
manhattan,1596
manhattan,14394
manhattan,53694
manhattan,38553
manhattan,46671
manhattan,26405
manhattan,40743
manhattan,48924
manhattan,32239
manhattan,7723
manhattan,29582
manhattan,37434
manhattan,33264
manhattan,44680
manhattan,50268
manhattan,33376
manhattan,29086
manhattan,28132
manhattan,53898
manhattan,51981
manhattan,46441
manhattan,13863
manhattan,29908
manhattan,44312
manhattan,38171
manhattan,45
manhattan,30939
manhattan,36581
manhattan,42973
manhattan,21518
manhattan,12550
manhattan,53800
manhattan,34412
manhattan,27508
manhattan,18626
manhattan,42270
manhattan,24988
manhattan,42396
manhattan,33490
manhattan,7096
manhattan,51117
manhattan,31700
manhattan,7954
manhattan,51473
manhattan,51972
manhattan,18928
manhattan,45967
manhattan,35139
manhattan,13349
manhattan,8645
manhattan,38047
manhattan,5445
manhattan,1141
manhattan,50177
manhattan,47084
manhattan,43041
manhattan,54274
manhattan,16943
manhattan,42581
manhattan,797
manhattan,24315
manhattan,54949
manhattan,17916
manhattan,5675
manhattan,39560
manhattan,15900
manhattan,13316
manhattan,34991
manhattan,16262
manhattan,43280
manhattan,52582
manhattan,2687
manhattan,7629
manhattan,25857
manhattan,21561
manhattan,46488
manhattan,9348
manhattan,50526
manhattan,45498
manhattan,51979
manhattan,10473
manhattan,9027
manhattan,25790
manhattan,16011
manhattan,11809
manhattan,35725
manhattan,52861
manhattan,16307
manhattan,4843
manhattan,19400
manhattan,9797
manhattan,26502
manhattan,49366
manhattan,22008
manhattan,7287
manhattan,33717
manhattan,12957
manhattan,43671
manhattan,4552
manhattan,20324
manhattan,8099
manhattan,13016
manhattan,38235
manhattan,3326
manhattan,27606
manhattan,36028
manhattan,28883
manhattan,33141
manhattan,5136
manhattan,5733
manhattan,40158
manhattan,35529
manhattan,35693
manhattan,760
manhattan,41117
manhattan,35538
manhattan,16750
manhattan,9763
manhattan,50665
manhattan,13972
manhattan,436
manhattan,52991
manhattan,11299
manhattan,28938
manhattan,5744
manhattan,34339
manhattan,4330
manhattan,23416
manhattan,11111
manhattan,51305
manhattan,4135
manhattan,14954
manhattan,45611
manhattan,12148
manhattan,44182
manhattan,3339
manhattan,27479
manhattan,15687
manhattan,16648
manhattan,33281
manhattan,51594
manhattan,1656
manhattan,30256
manhattan,30471
manhattan,28056
manhattan,46934
manhattan,52405
manhattan,42360
manhattan,16128
manhattan,25381
manhattan,35162
manhattan,562
manhattan,55123
manhattan,14700
manhattan,39716
manhattan,31665
manhattan,25323
manhattan,19974
manhattan,1740
manhattan,27565
manhattan,45628
manhattan,36859
manhattan,1919
manhattan,41752
manhattan,45497
manhattan,55447
manhattan,5716
manhattan,14219
manhattan,30330
manhattan,30179
manhattan,29889
manhattan,20643
manhattan,1240
manhattan,20475
manhattan,10970
manhattan,20391
manhattan,24451
manhattan,31525
manhattan,32780
manhattan,39690
manhattan,49929
manhattan,4196
manhattan,15021
manhattan,31429
manhattan,9395
manhattan,17414
manhattan,12505
manhattan,13674
manhattan,50693
manhattan,54086
manhattan,36455
manhattan,8270
manhattan,33980
manhattan,38107
manhattan,12952
manhattan,13667
manhattan,29331
manhattan,37491
manhattan,13460
manhattan,6205
manhattan,26600
manhattan,20751
manhattan,14113
manhattan,23630
manhattan,41679
manhattan,55116
manhattan,22462
manhattan,47685
manhattan,50133
manhattan,684
manhattan,51268
manhattan,7498
manhattan,15916
manhattan,26621
manhattan,31091
manhattan,28359
manhattan,52933
manhattan,3871
manhattan,28877
manhattan,23743
manhattan,10110
manhattan,9190
manhattan,13147
manhattan,17891
manhattan,22893
manhattan,3648
manhattan,27994
manhattan,27366
manhattan,23105
manhattan,2741
manhattan,23647
manhattan,48748
manhattan,39649
manhattan,2822
manhattan,55575
manhattan,12114
manhattan,2627
manhattan,2074
manhattan,24219
manhattan,44836
manhattan,40731
manhattan,13536
manhattan,50596
manhattan,15816
manhattan,34975
manhattan,36843
manhattan,47645
manhattan,2325
manhattan,16149
manhattan,30623
manhattan,5378
manhattan,27041
manhattan,24520
manhattan,43200
manhattan,51809
manhattan,54279
manhattan,35811
manhattan,45684
manhattan,18229
manhattan,21633
manhattan,5691
manhattan,6365
manhattan,12691
manhattan,54935
manhattan,46336
manhattan,49592
manhattan,53448
manhattan,45243
manhattan,49311
manhattan,44518
manhattan,43687
manhattan,24540
manhattan,46207
manhattan,11379
manhattan,22231
manhattan,5978
manhattan,50494
manhattan,21477
manhattan,51932
manhattan,53919
manhattan,9689
manhattan,2728
manhattan,9677
manhattan,490
manhattan,2148
manhattan,16297
manhattan,45800
manhattan,22878
manhattan,31859
manhattan,46595
manhattan,10408
manhattan,43171
manhattan,4709
manhattan,47351
manhattan,19301
manhattan,35473
manhattan,1387
manhattan,2873
manhattan,13911
manhattan,36401
manhattan,2651
manhattan,34072
manhattan,20550
manhattan,10014
manhattan,45370
manhattan,31206
manhattan,17763
manhattan,20724
manhattan,31051
manhattan,21880
manhattan,34091
manhattan,38064
manhattan,54056
manhattan,42810
manhattan,11199
manhattan,27703
manhattan,16724
manhattan,42165
manhattan,4403
manhattan,12429
manhattan,18635
manhattan,5544
manhattan,52152
manhattan,46498
manhattan,33936
manhattan,23618
manhattan,45557
manhattan,32331
manhattan,5519
manhattan,7467
manhattan,38117
manhattan,40416
manhattan,15739
manhattan,22429
manhattan,39415
manhattan,18747
manhattan,18274
manhattan,31783
manhattan,33749
manhattan,11608
manhattan,35683
manhattan,24962
manhattan,44771
manhattan,244
manhattan,13957
manhattan,48891
manhattan,43901
manhattan,38357
manhattan,34766
manhattan,49875
manhattan,22528
manhattan,26614
manhattan,23923
manhattan,43338
manhattan,26340
manhattan,23351
manhattan,30776
manhattan,8126
manhattan,883
manhattan,16815
manhattan,1308
manhattan,49059
manhattan,37111
manhattan,34494
manhattan,26665
manhattan,4739
manhattan,1274
manhattan,19214
manhattan,44243
manhattan,19671
manhattan,3418
manhattan,15314
manhattan,50763
manhattan,1730
manhattan,5408
manhattan,15169
manhattan,34146
manhattan,23087
manhattan,13356
manhattan,37067
manhattan,35069
manhattan,2357
manhattan,35759
manhattan,14470
manhattan,44402
manhattan,2421
manhattan,22449
manhattan,53877
manhattan,45431
manhattan,41883
manhattan,20311
manhattan,28893
manhattan,52956
manhattan,17008
manhattan,21619
manhattan,50418
manhattan,7630
manhattan,18412
manhattan,12122
manhattan,47284
manhattan,1541
manhattan,20395
manhattan,9371
manhattan,5620
manhattan,36262
manhattan,50438
manhattan,21911
manhattan,9219
manhattan,8869
manhattan,18434
manhattan,30127
manhattan,44967
manhattan,49254
manhattan,17401
manhattan,18374
manhattan,32363
manhattan,10940
manhattan,10957
manhattan,33039
manhattan,18515
manhattan,16210
manhattan,35519
manhattan,54166
manhattan,3928
manhattan,30712
manhattan,24495
manhattan,52222
manhattan,19539
manhattan,24606
manhattan,33487
manhattan,9508
manhattan,37658
manhattan,5402
manhattan,2667
manhattan,35298
manhattan,37097
manhattan,20206
manhattan,1374
manhattan,51898
manhattan,12384
manhattan,47237
manhattan,4238
manhattan,8729
manhattan,30647
manhattan,50478
manhattan,55266
manhattan,51874
manhattan,9384
manhattan,39192
manhattan,46310
manhattan,11907
manhattan,41258
manhattan,1346
manhattan,55667
manhattan,43120
manhattan,2565
manhattan,2106
manhattan,53944
manhattan,10458
manhattan,15639
manhattan,38967
manhattan,41683
manhattan,11012
manhattan,52711
manhattan,15292
manhattan,22826
manhattan,36170
manhattan,49677
manhattan,32622
manhattan,50136
manhattan,40143
manhattan,11539
manhattan,54898
manhattan,32592
manhattan,15273
manhattan,22318
manhattan,50077
manhattan,12350
manhattan,30205
manhattan,44908
manhattan,10743
manhattan,4708
manhattan,40375
manhattan,2437
manhattan,215
manhattan,17770
manhattan,50574
manhattan,39007
manhattan,1776
manhattan,47618
manhattan,3072
manhattan,47907
manhattan,30729
manhattan,1811
manhattan,50513
manhattan,29664
manhattan,6830
manhattan,43580
manhattan,19299
manhattan,53526
manhattan,39851
manhattan,33111
manhattan,35645
manhattan,33389
manhattan,24113
manhattan,6479
manhattan,28982
manhattan,8826
manhattan,10668
manhattan,32878
manhattan,2481
manhattan,28174
manhattan,38868
manhattan,20462
manhattan,37224
manhattan,22955
manhattan,6238
manhattan,35518
manhattan,52801
manhattan,16008
manhattan,18230
manhattan,55529
manhattan,32596
manhattan,10639
manhattan,49740
manhattan,9231
manhattan,15780
manhattan,36294
manhattan,25425
manhattan,8695
manhattan,22868
manhattan,42523
manhattan,27114
manhattan,46149
manhattan,6317
manhattan,18761
manhattan,33764
manhattan,6540
manhattan,48665
manhattan,22971
manhattan,43358
manhattan,35660
manhattan,11906
manhattan,40345
manhattan,4504
manhattan,10612
manhattan,19688
manhattan,25569
manhattan,11954
manhattan,26652
manhattan,39923
manhattan,29237
manhattan,39284
manhattan,44441
manhattan,29966
manhattan,55517
manhattan,51822
manhattan,676
manhattan,50208
manhattan,39856
manhattan,35890
manhattan,41582
manhattan,38180
manhattan,53706
manhattan,30370
manhattan,31721
manhattan,38819
manhattan,46608
manhattan,26669
manhattan,6950
manhattan,52126
manhattan,7304
manhattan,18974
manhattan,43688
manhattan,31959
manhattan,52931
manhattan,46712
manhattan,42467
manhattan,32557
manhattan,7412
manhattan,27854
manhattan,1436
manhattan,25529
manhattan,34256
manhattan,37393
manhattan,22448
manhattan,50925
manhattan,20907
manhattan,10874
manhattan,26638
manhattan,21975
manhattan,26282
manhattan,19322
manhattan,48221
manhattan,6313
manhattan,8533
manhattan,11098
manhattan,31712
manhattan,9638
manhattan,25083
manhattan,38580
manhattan,29508
manhattan,40988
manhattan,36941
manhattan,24294
manhattan,38300
manhattan,5608
manhattan,7407
manhattan,20193
manhattan,1959
manhattan,42018
manhattan,37080
manhattan,45600
manhattan,4698
manhattan,21885
manhattan,639
manhattan,6406
manhattan,15736
manhattan,40473
manhattan,45522
manhattan,18516
manhattan,48391
manhattan,6648
manhattan,11302
manhattan,8671
manhattan,29708
manhattan,5256
manhattan,45155
manhattan,54168
manhattan,26514
manhattan,19411
manhattan,22632
manhattan,23635
manhattan,13923
manhattan,7015
manhattan,27372
manhattan,51671
manhattan,3597
manhattan,47461
manhattan,40131
manhattan,9646
manhattan,13405
manhattan,3383
manhattan,2985
manhattan,9481
manhattan,43980
manhattan,1920
manhattan,3856
manhattan,27008
manhattan,23892
manhattan,33072
manhattan,21877
manhattan,37172
manhattan,28821
manhattan,24903
manhattan,36749
manhattan,48612
manhattan,7905
manhattan,43633
manhattan,5881
manhattan,28494
manhattan,55521
manhattan,5459
manhattan,16186
manhattan,33442
manhattan,25704
manhattan,15718
manhattan,38797
manhattan,32188
manhattan,30800
manhattan,53921
manhattan,22563
manhattan,18899
manhattan,31478
manhattan,49162
manhattan,45820
manhattan,2201
manhattan,15475
manhattan,49426
manhattan,7748
manhattan,18170
manhattan,5337
manhattan,14058
manhattan,1394
manhattan,34162
manhattan,3697
manhattan,53715
manhattan,12528
manhattan,26668
manhattan,9579
manhattan,27157
manhattan,45756
manhattan,35958
manhattan,37426
manhattan,49431
manhattan,36069
manhattan,36957
manhattan,29840
manhattan,10436
manhattan,44239
manhattan,18318
manhattan,27195
manhattan,7214
manhattan,32186
manhattan,40763
manhattan,50298
manhattan,49518
manhattan,26737
manhattan,4981
manhattan,54587
manhattan,37871
manhattan,17626
manhattan,8916
manhattan,28573
manhattan,45374
manhattan,38505
manhattan,16389
manhattan,25041
manhattan,26366
manhattan,3582
manhattan,17281
manhattan,32109
manhattan,2700
manhattan,11640
manhattan,18737
manhattan,47661
manhattan,14744
manhattan,40283
manhattan,10211
manhattan,9118
manhattan,35491
manhattan,18036
manhattan,46227
manhattan,37969
manhattan,34511
manhattan,26275
manhattan,27561
manhattan,35776
manhattan,5967
manhattan,5164
manhattan,23005
manhattan,12301
manhattan,17731
manhattan,43824
manhattan,6332
manhattan,8422
manhattan,11974
manhattan,38200
manhattan,24681
manhattan,16180
manhattan,27341
manhattan,31127
manhattan,27336
manhattan,45698
manhattan,52622
manhattan,43379
manhattan,50460
manhattan,52445
manhattan,36098
manhattan,54606
manhattan,11463
manhattan,49081
manhattan,12314
manhattan,18071
manhattan,37176
manhattan,32570
manhattan,2266
manhattan,33689
manhattan,1715
manhattan,20716
manhattan,5159
manhattan,50097
manhattan,53965
manhattan,16169
manhattan,23140
manhattan,10034
manhattan,34805
manhattan,32879
manhattan,15983
manhattan,30227
manhattan,8303
manhattan,11579
manhattan,36253
manhattan,43929
manhattan,9259
manhattan,31942
manhattan,46434
manhattan,40712
manhattan,28281
manhattan,17458
manhattan,49108
manhattan,51355
manhattan,19518
manhattan,53165
manhattan,1026
manhattan,5096
manhattan,53361
manhattan,9377
manhattan,30951
manhattan,9473
manhattan,12870
manhattan,489
manhattan,22385
manhattan,7811
manhattan,41377
manhattan,14603
manhattan,16560
manhattan,1085
manhattan,18778
manhattan,8102
manhattan,36026
manhattan,33716
manhattan,24558
manhattan,34676
manhattan,44291
manhattan,55500
manhattan,30390
manhattan,41876
manhattan,24191
manhattan,17661
manhattan,13823
manhattan,24978
manhattan,38880
manhattan,7899
manhattan,37997
manhattan,12631
manhattan,16739
manhattan,38278
manhattan,21249
manhattan,32656
manhattan,38689
manhattan,51939
manhattan,36076
manhattan,9191
manhattan,22535
manhattan,8856
manhattan,51469
manhattan,8024
manhattan,19208
manhattan,38972
manhattan,34143
manhattan,44894
manhattan,49115
manhattan,21140
manhattan,26762
manhattan,28570
manhattan,34421
manhattan,34671
manhattan,9321
manhattan,21937
manhattan,17503
manhattan,825
manhattan,1222
manhattan,22242
manhattan,32095
manhattan,11687
manhattan,38120
manhattan,22267
manhattan,52464
manhattan,45159
manhattan,31326
manhattan,29222
manhattan,47083
manhattan,47675
manhattan,42426
manhattan,8617
manhattan,53287
manhattan,35292
manhattan,31861
manhattan,8860
manhattan,13124
manhattan,21230
manhattan,2879
manhattan,43061
manhattan,49020
manhattan,41928
manhattan,4757
manhattan,13455
manhattan,45667
manhattan,6592
manhattan,29987
manhattan,53679
manhattan,1721
manhattan,29170
manhattan,40788
manhattan,48590
manhattan,25749
manhattan,40914
manhattan,54536
manhattan,496
manhattan,10290
manhattan,29754
manhattan,55625
manhattan,37675
manhattan,27907
manhattan,29980
manhattan,27187
manhattan,36557
manhattan,47787
manhattan,52215
manhattan,55387
manhattan,33088
manhattan,3050
manhattan,39513
manhattan,49705
manhattan,1549
manhattan,46681
manhattan,15455
manhattan,34458
manhattan,17154
manhattan,21614
manhattan,52101
manhattan,52441
manhattan,21515
manhattan,3198
manhattan,14421
manhattan,29320
manhattan,45584
manhattan,46826
manhattan,17615
manhattan,4515
manhattan,48917
manhattan,18794
manhattan,11338
manhattan,40648
manhattan,726
manhattan,8849
manhattan,21184
manhattan,35670
manhattan,33956
manhattan,45722
manhattan,11975
manhattan,39336
manhattan,42328
manhattan,12871
manhattan,37742
manhattan,13292
manhattan,55739
manhattan,16340
manhattan,17710
manhattan,40389
manhattan,1120
manhattan,4868
manhattan,42681
manhattan,38022
manhattan,10519
manhattan,18744
manhattan,46828
manhattan,29094
manhattan,12857
manhattan,34268
manhattan,27999
manhattan,7934
manhattan,12241
manhattan,35612
manhattan,48878
manhattan,51389
manhattan,33450
manhattan,33008
manhattan,25685
manhattan,16780
manhattan,19490
manhattan,27461
manhattan,33385
manhattan,1535
manhattan,8249
manhattan,24623
manhattan,24204
manhattan,2823
manhattan,22352
manhattan,42809
manhattan,44549
manhattan,1620
manhattan,23979
manhattan,7521
manhattan,42254
manhattan,45112
manhattan,42057
manhattan,6154
manhattan,46119
manhattan,13622
manhattan,33797
manhattan,30288
manhattan,4075
manhattan,10642
manhattan,5320
manhattan,16047
manhattan,37441
manhattan,22328
manhattan,21831
manhattan,28683
manhattan,9659
manhattan,13263
manhattan,23347
manhattan,30902
manhattan,48648
manhattan,7133
manhattan,46847
manhattan,22296
manhattan,17537
manhattan,8831
manhattan,18242
manhattan,18098
manhattan,944
manhattan,36440
manhattan,36490
manhattan,22585
manhattan,28994
manhattan,707
manhattan,17258
manhattan,49911
manhattan,45287
manhattan,9123
manhattan,8973
manhattan,43769
manhattan,53956
manhattan,7735
manhattan,39304
manhattan,42111
manhattan,48855
manhattan,19816
manhattan,44147
manhattan,51516
manhattan,1002
manhattan,13551
manhattan,24783
manhattan,13129
manhattan,38046
manhattan,2195
manhattan,36776
manhattan,7474
manhattan,41900
manhattan,15944
manhattan,11616
manhattan,4059
manhattan,15296
manhattan,6214
manhattan,16208
manhattan,47738
manhattan,32685
manhattan,36313
manhattan,21328
manhattan,22394
manhattan,31194
manhattan,20674
manhattan,50414
manhattan,20828
manhattan,43617
manhattan,51643
manhattan,16051
manhattan,3245
manhattan,8121
manhattan,42152
manhattan,41726
manhattan,50328
manhattan,33475
manhattan,39974
manhattan,34220
manhattan,22453
manhattan,17654
manhattan,47320
manhattan,3513
manhattan,28469
manhattan,53963
manhattan,21215
manhattan,23596
manhattan,43627
manhattan,3938
manhattan,18041
manhattan,55716
manhattan,2828
manhattan,46199
manhattan,14344
manhattan,24667
manhattan,24471
manhattan,28735
manhattan,173
manhattan,51031
manhattan,24013
manhattan,49315
manhattan,2633
manhattan,34942
manhattan,23368
manhattan,23921
manhattan,42400
manhattan,14391
manhattan,34192
manhattan,47006
manhattan,13359
manhattan,9227
manhattan,6223
manhattan,40749
manhattan,36512
manhattan,31880
manhattan,29689
manhattan,39515
manhattan,51912
manhattan,46930
manhattan,22027
manhattan,882
manhattan,11461
manhattan,40361
manhattan,6286
manhattan,13390
manhattan,30828
manhattan,42941
manhattan,41342
manhattan,29346
manhattan,18631
manhattan,14345
manhattan,17818
manhattan,32736
manhattan,36644
manhattan,54570
manhattan,47302
manhattan,33148
manhattan,21566
manhattan,17584
manhattan,22063
manhattan,7820
manhattan,50722
manhattan,39198
manhattan,29866
manhattan,28029
manhattan,8896
manhattan,24998
manhattan,49104
manhattan,20861
manhattan,39327
manhattan,46864
manhattan,47438
manhattan,1441
manhattan,43585
manhattan,45020
manhattan,17835
manhattan,18223
manhattan,46066
manhattan,1197
manhattan,25389
manhattan,41251
manhattan,26522
manhattan,27842
manhattan,1768
manhattan,7950
manhattan,35133
manhattan,12285
manhattan,16192
manhattan,53338
manhattan,38555
manhattan,21593
manhattan,13155
manhattan,47903
manhattan,23598
manhattan,34181
manhattan,17000
manhattan,36171
manhattan,52184
manhattan,21368
manhattan,43076
manhattan,11745
manhattan,48419
manhattan,30103
manhattan,53367
manhattan,54549
manhattan,7419
manhattan,16035
manhattan,37719
manhattan,5795
manhattan,30162
manhattan,25142
manhattan,46387
manhattan,20910
manhattan,20926
manhattan,49614
manhattan,10514
manhattan,40123
manhattan,36011
manhattan,46013
manhattan,50380
manhattan,20509
manhattan,36563
manhattan,42087
manhattan,17346
manhattan,36764
manhattan,46447
manhattan,373
manhattan,16254
manhattan,15669
manhattan,28666
manhattan,22508
manhattan,26708
manhattan,21033
manhattan,3710
manhattan,45104
manhattan,6198
manhattan,12548
manhattan,14594
manhattan,10917
manhattan,44979
manhattan,22608
manhattan,2833
manhattan,43029
manhattan,42495
manhattan,38953
manhattan,26096
manhattan,11785
manhattan,25950
manhattan,52020
manhattan,11159
manhattan,23209
manhattan,41002
manhattan,52296
manhattan,27657
manhattan,39828
manhattan,41974
manhattan,43780
manhattan,36071
manhattan,55513
manhattan,6698
manhattan,95
manhattan,2705
manhattan,49500
manhattan,11235
manhattan,18642
manhattan,23825
manhattan,16927
manhattan,32739
manhattan,43308
manhattan,13789
manhattan,49432
manhattan,36019
manhattan,18156
manhattan,49513
manhattan,19945
manhattan,14231
manhattan,14315
manhattan,47808
manhattan,25678
manhattan,44432
manhattan,48424
manhattan,21698
manhattan,23337
manhattan,45960
manhattan,22795
manhattan,21701
manhattan,43790
manhattan,17905
manhattan,27170
manhattan,4567
manhattan,49300
manhattan,9029
manhattan,17735
manhattan,19315
manhattan,52831
manhattan,48461
manhattan,2401
manhattan,42967
manhattan,35901
manhattan,51484
manhattan,35419
manhattan,13697
manhattan,3953
manhattan,16711
manhattan,20718
manhattan,54368
manhattan,34234
manhattan,50078
manhattan,16477
manhattan,21583
manhattan,34371
manhattan,40470
manhattan,50936
manhattan,18544
manhattan,27321
manhattan,19645
manhattan,34362
manhattan,50735
manhattan,30817
manhattan,28031
manhattan,52291
manhattan,13023
manhattan,31011
manhattan,7712
manhattan,29417
manhattan,44372
manhattan,28414
manhattan,23878
manhattan,7623
manhattan,40208
manhattan,52577
manhattan,46709
manhattan,31104
manhattan,16324
manhattan,48972
manhattan,32198
manhattan,21317
manhattan,17394
manhattan,7998
manhattan,32163
manhattan,1499
manhattan,3117
manhattan,49702
manhattan,43849
manhattan,50056
manhattan,23485
manhattan,24327
manhattan,53762
manhattan,37827
manhattan,49921
manhattan,25448
manhattan,55053
manhattan,17676
manhattan,12586
manhattan,14994
manhattan,48767
manhattan,33960
manhattan,13323
manhattan,38212
manhattan,54389
manhattan,11852
manhattan,25243
manhattan,13024
manhattan,32631
manhattan,32715
manhattan,4894
manhattan,49060
manhattan,20695
manhattan,53413
manhattan,15735
manhattan,32856
manhattan,14763
manhattan,151
manhattan,16392
manhattan,43595
manhattan,26400
manhattan,36697
manhattan,24579
manhattan,24560
manhattan,8275
manhattan,35699
manhattan,11816
manhattan,22338
manhattan,51608
manhattan,50381
manhattan,13867
manhattan,9929
manhattan,20474
manhattan,3409
manhattan,34893
manhattan,47329
manhattan,51968
manhattan,53937
manhattan,33522
manhattan,49593
manhattan,18226
manhattan,53381
manhattan,14704
manhattan,30934
manhattan,46503
manhattan,49993
manhattan,27876
manhattan,41662
manhattan,11529
manhattan,5562
manhattan,15922
manhattan,29525
manhattan,1553
manhattan,42321
manhattan,33370
manhattan,11436
manhattan,28553
manhattan,29680
manhattan,989
manhattan,38958
manhattan,15175
manhattan,23403
manhattan,147
manhattan,31072
manhattan,13637
manhattan,50259
manhattan,29358
manhattan,10662
manhattan,14926
manhattan,37470
manhattan,37697
manhattan,46741
manhattan,37799
manhattan,4724
manhattan,12898
manhattan,27464
manhattan,41460
manhattan,33577
manhattan,9909
manhattan,43436
manhattan,7720
manhattan,5715
manhattan,25691
manhattan,33332
manhattan,13632
manhattan,8598
manhattan,14961
manhattan,29648
manhattan,54627
manhattan,12268
manhattan,9671
manhattan,40509
manhattan,52386
manhattan,24532
manhattan,44393
manhattan,33758
manhattan,589
manhattan,27539
manhattan,25331
manhattan,36452
manhattan,11555
manhattan,7572
manhattan,28439
manhattan,45015
manhattan,50551
manhattan,6352
manhattan,45571
manhattan,1310
manhattan,18915
manhattan,21304
manhattan,20762
manhattan,12124
manhattan,9339
manhattan,31185
manhattan,52768
manhattan,33656
manhattan,14547
manhattan,2517
manhattan,29165
manhattan,40206
manhattan,8119
manhattan,9882
manhattan,30841
manhattan,51006
manhattan,53239
manhattan,38131
manhattan,41840
manhattan,42498
manhattan,17987
manhattan,41206
manhattan,35719
manhattan,42668
manhattan,13462
manhattan,37085
manhattan,16523
manhattan,54922
manhattan,50983
manhattan,36836
manhattan,31131
manhattan,18053
manhattan,17706
manhattan,21173
manhattan,2474
manhattan,49506
manhattan,28074
manhattan,33687
manhattan,49210
manhattan,23822
manhattan,31756
manhattan,19977
manhattan,29567
manhattan,44839
manhattan,48232
manhattan,34212
manhattan,37879
manhattan,51678
manhattan,14885
manhattan,18012
manhattan,10623
manhattan,4654
manhattan,19836
manhattan,52391
manhattan,50307
manhattan,6315
manhattan,12209
manhattan,16627
manhattan,17343
manhattan,3664
manhattan,14130
manhattan,34073
manhattan,27635
manhattan,47095
manhattan,39971
manhattan,17696
manhattan,17885
manhattan,33909
manhattan,33301
manhattan,55224
manhattan,9093
manhattan,1459
manhattan,5468
manhattan,7008
manhattan,47344
manhattan,20514
manhattan,49613
manhattan,33327
manhattan,875
manhattan,32240
manhattan,45797
manhattan,42347
manhattan,46592
manhattan,17668
manhattan,44911
manhattan,21420
manhattan,50263
manhattan,23845
manhattan,13210
manhattan,29589
manhattan,12178
manhattan,6589
manhattan,31882
manhattan,19791
manhattan,34104
manhattan,45450
manhattan,25345
manhattan,48997
manhattan,6070
manhattan,9155
manhattan,5156
manhattan,36511
manhattan,37865
manhattan,41090
manhattan,13485
manhattan,13366
manhattan,46695
manhattan,34547
manhattan,34571
manhattan,52086
manhattan,10219
manhattan,43371
manhattan,13495
manhattan,16951
manhattan,53967
manhattan,23983
manhattan,48949
manhattan,44200
manhattan,30045
manhattan,26135
manhattan,9606
manhattan,38579
manhattan,54345
manhattan,17374
manhattan,46647
manhattan,34379
manhattan,8882
manhattan,12089
manhattan,46916
manhattan,35552
manhattan,47418
manhattan,45296
manhattan,32716
manhattan,28063
manhattan,12807
manhattan,4945
manhattan,36030
manhattan,22988
manhattan,34556
manhattan,7038
manhattan,6783
manhattan,10243
manhattan,55038
manhattan,17507
manhattan,3374
manhattan,50630
manhattan,1101
manhattan,45444
manhattan,39638
manhattan,39356
manhattan,35859
manhattan,32349
manhattan,3547
manhattan,18113
manhattan,3202
manhattan,52358
manhattan,45417
manhattan,23548
manhattan,12568
manhattan,8519
manhattan,30876
manhattan,45291
manhattan,2812
manhattan,39254
manhattan,9657
manhattan,6624
manhattan,4395
manhattan,32812
manhattan,22690
manhattan,21492
manhattan,11845
manhattan,32981
manhattan,51743
manhattan,21884
manhattan,30389
manhattan,24039
manhattan,3362
manhattan,26032
manhattan,40578
manhattan,38900
manhattan,2198
manhattan,23836
manhattan,4612
manhattan,40011
manhattan,7178
manhattan,41078
manhattan,6130
manhattan,13695
manhattan,48099
manhattan,23268
manhattan,5660
manhattan,39539
manhattan,25759
manhattan,12163
manhattan,35471
manhattan,35391
manhattan,32294
manhattan,127
manhattan,36025
manhattan,12141
manhattan,38328
manhattan,39022
manhattan,21339
manhattan,47976
manhattan,3402
manhattan,41047
manhattan,9422
manhattan,27146
manhattan,39096
manhattan,3817
manhattan,29965
manhattan,52196
manhattan,17237
manhattan,4461
manhattan,10045
manhattan,32586
manhattan,54678
manhattan,41824
manhattan,18870
manhattan,16302
manhattan,28719
manhattan,17362
manhattan,20108
manhattan,3501
manhattan,3589
manhattan,53191
manhattan,12415
manhattan,33189
manhattan,17536
manhattan,21320
manhattan,12297
manhattan,17667
manhattan,21331
manhattan,11252
manhattan,23657
manhattan,52774
manhattan,54680
manhattan,50910
manhattan,53885
manhattan,31706
manhattan,160
manhattan,20900
manhattan,12398
manhattan,38186
manhattan,24263
manhattan,22595
manhattan,23280
manhattan,53858
manhattan,41216
manhattan,11937
manhattan,22440
manhattan,887
manhattan,33260
manhattan,20837
manhattan,42560
manhattan,9407
manhattan,36725
manhattan,24070
manhattan,42304
manhattan,53359
manhattan,1817
manhattan,41118
manhattan,24423
manhattan,40980
manhattan,1741
manhattan,13009
manhattan,26993
manhattan,51747
manhattan,10046
manhattan,33170
manhattan,25890
manhattan,28555
manhattan,40142
manhattan,20321
manhattan,28424
manhattan,3307
manhattan,50392
manhattan,37671
manhattan,15580
manhattan,9346
manhattan,25187
manhattan,32085
manhattan,39473
manhattan,12512
manhattan,46214
manhattan,26728
manhattan,862
manhattan,10340
manhattan,16535
manhattan,33738
manhattan,26847
manhattan,1555
manhattan,43394
manhattan,55163
manhattan,7657
manhattan,26505
manhattan,20208
manhattan,44045
manhattan,14589
manhattan,50599
manhattan,16193
manhattan,30749
manhattan,44012
manhattan,43845
manhattan,23261
manhattan,46060
manhattan,5796
manhattan,17522
manhattan,20723
manhattan,41736
manhattan,31758
manhattan,13156
manhattan,44512
manhattan,23074
manhattan,36531
manhattan,37917
manhattan,11007
manhattan,51067
manhattan,17062
manhattan,40193
manhattan,42193
manhattan,20014
manhattan,28772
manhattan,50212
manhattan,13404
manhattan,35587
manhattan,33160
manhattan,1084
manhattan,47047
manhattan,1508
manhattan,26202
manhattan,29899
manhattan,44866
manhattan,25891
manhattan,22992
manhattan,43316
manhattan,53326
manhattan,29478
manhattan,17868
manhattan,19210
manhattan,43625
manhattan,12490
manhattan,976
manhattan,48212
manhattan,48102
manhattan,12164
manhattan,12329
manhattan,54832
manhattan,36158
manhattan,37477
manhattan,33503
manhattan,16063
manhattan,40948
manhattan,54850
manhattan,45496
manhattan,267
manhattan,11679
manhattan,55576
manhattan,2765
manhattan,15127
manhattan,35565
manhattan,46093
manhattan,35874
manhattan,46989
manhattan,23018
manhattan,3937
manhattan,33556
manhattan,21663
manhattan,26062
manhattan,1874
manhattan,16715
manhattan,42155
manhattan,53654
manhattan,2486
manhattan,41465
manhattan,48268
manhattan,30285
manhattan,17118
manhattan,22943
manhattan,2707
manhattan,20777
manhattan,43451
manhattan,32129
manhattan,13780
manhattan,22148
manhattan,5414
manhattan,26619
manhattan,34971
manhattan,21708
manhattan,13287
manhattan,30064
manhattan,31465
manhattan,41210
manhattan,23099
manhattan,10597
manhattan,46633
manhattan,4992
manhattan,9019
manhattan,7106
manhattan,15243
manhattan,50820
manhattan,28804
manhattan,2580
manhattan,12244
manhattan,42110
manhattan,15385
manhattan,52481
manhattan,921
manhattan,44259
manhattan,44736
manhattan,3529
manhattan,1531
manhattan,34545
manhattan,7220
manhattan,13912
manhattan,36047
manhattan,38268
manhattan,47004
manhattan,50740
manhattan,50040
manhattan,3403
manhattan,26855
manhattan,40915
manhattan,22329
manhattan,3969
manhattan,23460
manhattan,33782
manhattan,41891
manhattan,11113
manhattan,27001
manhattan,8499
manhattan,42171
manhattan,55204
manhattan,23340
manhattan,21903
manhattan,30475
manhattan,18422
manhattan,49738
manhattan,25659
manhattan,484
manhattan,21336
manhattan,7808
manhattan,20406
manhattan,41451
manhattan,50969
manhattan,29887
manhattan,28088
manhattan,22499
manhattan,38073
manhattan,38725
manhattan,39030
manhattan,19686
manhattan,21133
manhattan,28707
manhattan,49089
manhattan,9453
manhattan,3016
manhattan,32813
manhattan,25283
manhattan,44610
manhattan,34261
manhattan,41910
manhattan,39700
manhattan,46313
manhattan,36431
manhattan,40656
manhattan,1455
manhattan,4577
manhattan,27236
manhattan,31463
manhattan,42541
manhattan,54149
manhattan,39208
manhattan,18779
manhattan,43285
manhattan,1329
manhattan,48358
manhattan,41713
manhattan,7363
manhattan,28175
manhattan,44215
manhattan,46750
manhattan,26015
manhattan,44612
manhattan,17387
manhattan,13834
manhattan,36532
manhattan,47934
manhattan,8118
manhattan,37214
manhattan,10805
manhattan,55184
manhattan,47784
manhattan,46517
manhattan,3251
manhattan,14888
manhattan,3368
manhattan,5409
manhattan,10681
manhattan,35138
manhattan,47155
manhattan,18795
manhattan,42106
manhattan,26566
manhattan,8003
manhattan,17838
manhattan,44964
manhattan,13987
manhattan,54458
manhattan,27796
manhattan,20333
manhattan,26184
manhattan,5499
manhattan,26199
manhattan,42083
manhattan,19978
manhattan,16848
manhattan,15587
manhattan,11279
manhattan,47902
manhattan,27658
manhattan,31873
manhattan,16054
manhattan,22759
manhattan,37543
manhattan,35666
manhattan,51845
manhattan,51291
manhattan,47397
manhattan,17938
manhattan,4164
manhattan,31231
manhattan,8761
manhattan,22205
manhattan,28454
manhattan,49425
manhattan,17416
manhattan,10278
manhattan,24930
manhattan,39732
manhattan,23508
manhattan,12456
manhattan,45819
manhattan,21543
manhattan,26243
manhattan,14154
manhattan,7470
manhattan,19925
manhattan,28535
manhattan,45246
manhattan,50564
manhattan,43323
manhattan,34074
manhattan,3360
manhattan,9206
manhattan,27212
manhattan,55150
manhattan,47168
manhattan,21074
manhattan,41235
manhattan,50992
manhattan,2114
manhattan,24701
manhattan,53913
manhattan,54050
manhattan,46345
manhattan,2268
manhattan,1560
manhattan,10535
manhattan,3393
manhattan,38844
manhattan,51123
manhattan,7262
manhattan,15219
manhattan,47489
manhattan,49487
manhattan,34957
manhattan,35701
manhattan,16854
manhattan,42061
manhattan,46884
manhattan,14650
manhattan,47066
manhattan,34430
manhattan,48094
manhattan,14218
manhattan,6099
manhattan,19140
manhattan,18032
manhattan,1616
manhattan,15693
manhattan,2500
manhattan,32405
manhattan,36289
manhattan,26953
manhattan,11945
manhattan,46184
manhattan,31915
manhattan,48943
manhattan,48595
manhattan,14533
manhattan,10495
manhattan,52896
manhattan,38069
manhattan,4010
manhattan,7591
manhattan,6546
manhattan,20855
manhattan,22661
manhattan,41927
manhattan,50211
manhattan,25439
manhattan,647
manhattan,39380
manhattan,27669
manhattan,44023
manhattan,19884
manhattan,44852
manhattan,46610
manhattan,40078
manhattan,1600
manhattan,46990
manhattan,48960
manhattan,15542
manhattan,13264
manhattan,51397
manhattan,17848
manhattan,31135
manhattan,22839
manhattan,37082
manhattan,3816
manhattan,27528
manhattan,25007
manhattan,11792
manhattan,36525
manhattan,18499
manhattan,33134
manhattan,29687
manhattan,53756
manhattan,32009
manhattan,8758
manhattan,46446
manhattan,9975
manhattan,23779
manhattan,22078
manhattan,41074
manhattan,54905
manhattan,43257
manhattan,3278
manhattan,19366
manhattan,28499
manhattan,2420
manhattan,6658
manhattan,10165
manhattan,37892
manhattan,7016
manhattan,23860
manhattan,14605
manhattan,54481
manhattan,6597
manhattan,35651
manhattan,31724
manhattan,23903
manhattan,45135
manhattan,11594
manhattan,13920
manhattan,51577
manhattan,38239
manhattan,37370
manhattan,5160
manhattan,19846
manhattan,41608
manhattan,18697
manhattan,49962
manhattan,2763
manhattan,44689
manhattan,38602
manhattan,50923
manhattan,13082
manhattan,14546
manhattan,6686
manhattan,6846
manhattan,5793
manhattan,39736
manhattan,19822
manhattan,21965
manhattan,48140
manhattan,32232
manhattan,7317
manhattan,47297
manhattan,36896
manhattan,25276
manhattan,11289
manhattan,9768
manhattan,54382
manhattan,35882
manhattan,9636
manhattan,25408
manhattan,50174
manhattan,23544
manhattan,20393
manhattan,32050
manhattan,25887
manhattan,36522
manhattan,19120
manhattan,22082
manhattan,26348
manhattan,3006
manhattan,4607
manhattan,43266
manhattan,54784
manhattan,21124
manhattan,20520
manhattan,16442
manhattan,36014
manhattan,49084
manhattan,34612
manhattan,27393
manhattan,38075
manhattan,43895
manhattan,18775
manhattan,46646
manhattan,17142
manhattan,8067
manhattan,55039
manhattan,37652
manhattan,35050
manhattan,50890
manhattan,18976
manhattan,15026
manhattan,23801
manhattan,39371
manhattan,35767
manhattan,42217
manhattan,47961
manhattan,32344
manhattan,22379
manhattan,20237
manhattan,39450
manhattan,27849
manhattan,16997
manhattan,14663
manhattan,46860
manhattan,34577
manhattan,31584
manhattan,13036
manhattan,35107
manhattan,22713
manhattan,14071
manhattan,27074
manhattan,32601
manhattan,24272
manhattan,24361
manhattan,52708
manhattan,32904
manhattan,20929
manhattan,45231
manhattan,7599
manhattan,37047
manhattan,5098
manhattan,31890
manhattan,49207
manhattan,5279
manhattan,21712
manhattan,31949
manhattan,38813
manhattan,37851
manhattan,605
manhattan,39592
manhattan,37415
manhattan,36475
manhattan,41501
manhattan,47449
manhattan,27149
manhattan,36763
manhattan,19724
manhattan,12085
manhattan,46559
manhattan,30703
manhattan,24250
manhattan,5269
manhattan,22208
manhattan,2557
manhattan,45720
manhattan,52841
manhattan,34329
manhattan,21447
manhattan,24156
manhattan,26450
manhattan,52970
manhattan,28653
manhattan,48520
manhattan,14571
manhattan,44799
manhattan,45576
manhattan,32835
manhattan,967
manhattan,10828
manhattan,14732
manhattan,51242
manhattan,4061
manhattan,10918
manhattan,39395
manhattan,19908
manhattan,27553
manhattan,31008
manhattan,25718
manhattan,19150
manhattan,48223
manhattan,1181
manhattan,14274
manhattan,23641
manhattan,15354
manhattan,36642
manhattan,50395
manhattan,3984
manhattan,38456
manhattan,11862
manhattan,22110
manhattan,33157
manhattan,32008
manhattan,12274
manhattan,49440
manhattan,34149
manhattan,42939
manhattan,38290
manhattan,6213
manhattan,44365
manhattan,22964
manhattan,19215
manhattan,10452
manhattan,32728
manhattan,50169
manhattan,3793
manhattan,14856
manhattan,15414
manhattan,9714
manhattan,13086
manhattan,52006
manhattan,30895
manhattan,39011
manhattan,43653
manhattan,23230
manhattan,49589
manhattan,51559
manhattan,14519
manhattan,14902
manhattan,52374
manhattan,34468
manhattan,53159
manhattan,16801
manhattan,52477
manhattan,18482
manhattan,51162
manhattan,34087
manhattan,49649
manhattan,33816
manhattan,40101
manhattan,51263
manhattan,19261
manhattan,48112
manhattan,29001
manhattan,15567
manhattan,30699
manhattan,42879
manhattan,33472
manhattan,39295
manhattan,49280
manhattan,54275
manhattan,19155
manhattan,29235
manhattan,44050
manhattan,42393
manhattan,45401
manhattan,42086
manhattan,6091
manhattan,25471
manhattan,52182
manhattan,51675
manhattan,23285
manhattan,44897
manhattan,52210
manhattan,47754
manhattan,55070
manhattan,25848
manhattan,21105
manhattan,14460
manhattan,32849
manhattan,7056
manhattan,5013
manhattan,35622
manhattan,9618
manhattan,28898
manhattan,54769
manhattan,32431
manhattan,2571
manhattan,39349
manhattan,3422
manhattan,12799
manhattan,29808
manhattan,18990
manhattan,28353
manhattan,39006
manhattan,46612
manhattan,55382
manhattan,44163
manhattan,55044
manhattan,2684
manhattan,40713
manhattan,52399
manhattan,46424
manhattan,3539
manhattan,26455
manhattan,53530
manhattan,9986
manhattan,15291
manhattan,38457
manhattan,30587
manhattan,2086
manhattan,444
manhattan,21235
manhattan,26904
manhattan,7739
manhattan,37886
manhattan,11272
manhattan,23297
manhattan,28897
manhattan,51575
manhattan,45544
manhattan,41700
manhattan,13902
manhattan,12579
manhattan,24899
manhattan,50647
manhattan,23089
manhattan,42828
manhattan,32277
manhattan,28367
manhattan,38461
manhattan,26691
manhattan,10812
manhattan,6794
manhattan,21920
manhattan,22802
manhattan,2416
manhattan,45635
manhattan,18124
manhattan,50304
manhattan,24608
manhattan,16897
manhattan,18237
manhattan,15366
manhattan,54355
manhattan,9433
manhattan,43541
manhattan,42112
manhattan,12037
manhattan,29055
manhattan,20266
manhattan,21292
manhattan,31049
manhattan,44375
manhattan,48811
manhattan,29456
manhattan,48763
manhattan,5137
manhattan,41072
manhattan,36474
manhattan,18497
manhattan,31562
manhattan,33837
manhattan,6538
manhattan,48961
manhattan,55474
manhattan,29596
manhattan,15981
manhattan,23264
manhattan,36705
manhattan,50594
manhattan,1248
manhattan,18711
manhattan,1187
manhattan,2616
manhattan,1395
manhattan,17482
manhattan,17395
manhattan,22301
manhattan,55424
manhattan,10288
manhattan,15188
manhattan,20147
manhattan,19361
manhattan,14716
manhattan,33387
manhattan,24568
manhattan,24803
manhattan,27301
manhattan,3631
manhattan,26303
manhattan,53767
manhattan,53686
manhattan,774
manhattan,14060
manhattan,24554
manhattan,51921
manhattan,54348
manhattan,7272
manhattan,16342
manhattan,22927
manhattan,49802
manhattan,4185
manhattan,39795
manhattan,30708
manhattan,29511
manhattan,14316
manhattan,26154
manhattan,46092
manhattan,20209
manhattan,39604
manhattan,49942
manhattan,38330
manhattan,24871
manhattan,39345
manhattan,44040
manhattan,30662
manhattan,879
manhattan,50276
manhattan,35752
manhattan,31748
manhattan,50697
manhattan,881
manhattan,4357
manhattan,9754
manhattan,35983
manhattan,45108
manhattan,6057
manhattan,46112
manhattan,2922
manhattan,15470
manhattan,19982
manhattan,36625
manhattan,32150
manhattan,2224
manhattan,53819
manhattan,20186
manhattan,1335
manhattan,35240
manhattan,42303
manhattan,53269
manhattan,28364
manhattan,50726
manhattan,43877
manhattan,34666
manhattan,3528
manhattan,24941
manhattan,40055
manhattan,14016
manhattan,3519
manhattan,40120
manhattan,36810
manhattan,2929
manhattan,23024
manhattan,16531
manhattan,12380
manhattan,24562
manhattan,47706
manhattan,34819
manhattan,36054
manhattan,19276
manhattan,9901
manhattan,45036
manhattan,27033
manhattan,16746
manhattan,34287
manhattan,53636
manhattan,42546
manhattan,49665
manhattan,21464
manhattan,39584
manhattan,1699
manhattan,14318
manhattan,7627
manhattan,33382
manhattan,50680
manhattan,13808
manhattan,24171
manhattan,22200
manhattan,46929
manhattan,9265
manhattan,322
manhattan,2040
manhattan,40738
manhattan,11259
manhattan,5823
manhattan,44995
manhattan,40322
manhattan,51275
manhattan,1628
manhattan,33826
manhattan,39960
manhattan,42587
manhattan,9036
manhattan,48966
manhattan,22490
manhattan,1914
manhattan,36308
manhattan,2663
manhattan,24097
manhattan,8300
manhattan,12022
manhattan,31954
manhattan,37643
manhattan,27456
manhattan,34097
manhattan,49595
manhattan,28876
manhattan,23591
manhattan,38296
manhattan,24069
manhattan,52125
manhattan,2219
manhattan,50980
manhattan,13988
manhattan,45267
manhattan,51492
manhattan,47603
manhattan,35458
manhattan,27140
manhattan,3185
manhattan,53869
manhattan,33465
manhattan,25017
manhattan,43767
manhattan,35606
manhattan,15573
manhattan,54233
manhattan,8657
manhattan,12452
manhattan,50073
manhattan,32208
manhattan,18222
manhattan,11491
manhattan,42386
manhattan,38164
manhattan,47649
manhattan,46059
manhattan,55362
manhattan,34739
manhattan,18344
manhattan,28330
manhattan,51723
manhattan,18614
manhattan,15565
manhattan,9957
manhattan,28675
manhattan,38125
manhattan,49419
manhattan,40115
manhattan,10866
manhattan,53973
manhattan,43873
manhattan,10407
manhattan,43235
manhattan,54048
manhattan,15943
manhattan,28073
manhattan,24341
manhattan,8317
manhattan,38585
manhattan,6922
manhattan,46908
manhattan,38137
manhattan,36009
manhattan,23488
manhattan,47856
manhattan,47417
manhattan,45918
manhattan,25811
manhattan,49118
manhattan,2440
manhattan,33367
manhattan,40624
manhattan,34196
manhattan,35855
manhattan,10358
manhattan,11756
manhattan,48321
manhattan,54118
manhattan,31585
manhattan,5365
manhattan,47680
manhattan,16091
manhattan,31544
manhattan,50862
manhattan,18639
manhattan,35200
manhattan,14160
manhattan,44119
manhattan,28265
manhattan,27103
manhattan,46420
manhattan,19905
manhattan,43496
manhattan,12881
manhattan,25183
manhattan,55646
manhattan,8914
manhattan,26365
manhattan,25791
manhattan,32913
manhattan,17707
manhattan,8363
manhattan,45851
manhattan,26374
manhattan,49704
manhattan,3395
manhattan,55240
manhattan,10526
manhattan,594
manhattan,18571
manhattan,36949
manhattan,24546
manhattan,46365
manhattan,51842
manhattan,7864
manhattan,6301
manhattan,12520
manhattan,12137
manhattan,23458
manhattan,30116
manhattan,52607
manhattan,20029
manhattan,53235
manhattan,43902
manhattan,25363
manhattan,539
manhattan,1286
manhattan,34988
manhattan,42566
manhattan,41890
manhattan,44131
manhattan,21620
manhattan,17786
manhattan,54386
manhattan,7195
manhattan,20968
manhattan,11382
manhattan,14991
manhattan,31580
manhattan,19452
manhattan,39964
manhattan,3644
manhattan,43211
manhattan,6769
manhattan,41466
manhattan,11203
manhattan,38396
manhattan,22850
manhattan,4544
manhattan,7414
manhattan,50853
manhattan,38369
manhattan,3948
manhattan,39906
manhattan,55422
manhattan,6455
manhattan,35527
manhattan,2547
manhattan,13599
manhattan,22913
manhattan,30959
manhattan,9046
manhattan,21759
manhattan,14786
manhattan,21307
manhattan,17714
manhattan,4303
manhattan,16039
manhattan,38865
manhattan,42971
manhattan,47769
manhattan,41439
manhattan,17970
manhattan,55595
manhattan,24825
manhattan,1641
manhattan,37013
manhattan,24506
manhattan,8383
manhattan,11770
manhattan,55192
manhattan,35385
manhattan,48951
manhattan,28447
manhattan,21472
manhattan,37034
manhattan,17673
manhattan,52629
manhattan,19643
manhattan,33280
manhattan,39509
manhattan,43567
manhattan,36414
manhattan,32114
manhattan,11742
manhattan,50870
manhattan,38034
manhattan,38276
manhattan,26794
manhattan,758
manhattan,16163
manhattan,18295
manhattan,13092
manhattan,11046
manhattan,31003
manhattan,51641
manhattan,622
manhattan,21156
manhattan,33403
manhattan,54045
manhattan,37692
manhattan,41571
manhattan,5839
manhattan,39662
manhattan,51010
manhattan,23279
manhattan,34810
manhattan,20563
manhattan,81
manhattan,47162
manhattan,35720
manhattan,22278
manhattan,32667
manhattan,8730
manhattan,6840
manhattan,7023
manhattan,4405
manhattan,37315
manhattan,41507
manhattan,17488
manhattan,44573
manhattan,51767
manhattan,40062
manhattan,15181
manhattan,43946
manhattan,53152
manhattan,32972
manhattan,42048
manhattan,47535
manhattan,39809
manhattan,5816
manhattan,50897
manhattan,26879
manhattan,35526
manhattan,45987
manhattan,4638
manhattan,5172
manhattan,47995
manhattan,25753
manhattan,40895
manhattan,12238
manhattan,33419
manhattan,52339
manhattan,36677
manhattan,53552
manhattan,1083
manhattan,50559
manhattan,35165
manhattan,6331
manhattan,25695
manhattan,40383
manhattan,47855
manhattan,25095
manhattan,14625
manhattan,20373
manhattan,4984
manhattan,32684
manhattan,35884
manhattan,36090
manhattan,22612
manhattan,30247
manhattan,29612
manhattan,52270
manhattan,7418
manhattan,6298
manhattan,31911
manhattan,49587
manhattan,27034
manhattan,19785
manhattan,31672
manhattan,26618
manhattan,32151
manhattan,22212
manhattan,51906
manhattan,4048
manhattan,55357
manhattan,30203
manhattan,12207
manhattan,15194
manhattan,53080
manhattan,23986
manhattan,11956
manhattan,25863
manhattan,8770
manhattan,6663
manhattan,41029
manhattan,23315
manhattan,39207
manhattan,45288
manhattan,49173
manhattan,39965
manhattan,2277
manhattan,19922
manhattan,42222
manhattan,46940
manhattan,46241
manhattan,34334
manhattan,30503
manhattan,40533
manhattan,33176
manhattan,28350
manhattan,23885
manhattan,47315
manhattan,52563
manhattan,10878
manhattan,34370
manhattan,54151
manhattan,13570
manhattan,41108
manhattan,47184
manhattan,16415
manhattan,40236
manhattan,17599
manhattan,39089
manhattan,49493
manhattan,32999
manhattan,5107
manhattan,30757
manhattan,40478
manhattan,51424
manhattan,34989
manhattan,38153
manhattan,50282
manhattan,28334
manhattan,48863
manhattan,19969
manhattan,7073
manhattan,13901
manhattan,32545
manhattan,24652
manhattan,24696
manhattan,54596
manhattan,12948
manhattan,20604
manhattan,34849
manhattan,5057
manhattan,19447
manhattan,17428
manhattan,53890
manhattan,34984
manhattan,29956
manhattan,49693
manhattan,8421
manhattan,14741
manhattan,25783
manhattan,8534
manhattan,37548
manhattan,53992
manhattan,8256
manhattan,20647
manhattan,2680
manhattan,11755
manhattan,8335
manhattan,42036
manhattan,15824
manhattan,55366
manhattan,5484
manhattan,36934
manhattan,43208
manhattan,21121
manhattan,22513
manhattan,35119
manhattan,48989
manhattan,9800
manhattan,26981
manhattan,54088
manhattan,32699
manhattan,1763
manhattan,9213
manhattan,53052
manhattan,21043
manhattan,28594
manhattan,18449
manhattan,21799
manhattan,20757
manhattan,46085
manhattan,18139
manhattan,43465
manhattan,50156
manhattan,827
manhattan,47761
manhattan,17341
manhattan,25319
manhattan,743
manhattan,44442
manhattan,51104
manhattan,5815
manhattan,13588
manhattan,26427
manhattan,19662
manhattan,980
manhattan,42234
manhattan,6584
manhattan,48731
manhattan,51064
manhattan,5230
manhattan,7482
manhattan,21214
manhattan,11421
manhattan,10448
manhattan,39658
manhattan,8921
manhattan,45870
manhattan,21696
manhattan,447
manhattan,31442
manhattan,38723
manhattan,22346
manhattan,13878
manhattan,10384
manhattan,13913
manhattan,40050
manhattan,51189
manhattan,3761
manhattan,11029
manhattan,28446
manhattan,46261
manhattan,47765
manhattan,48364
manhattan,25396
manhattan,34506
manhattan,52909
manhattan,13328
manhattan,52046
manhattan,18867
manhattan,11174
manhattan,32792
manhattan,24614
manhattan,854
manhattan,13330
manhattan,3731
manhattan,41750
manhattan,45924
manhattan,10868
manhattan,19132
manhattan,36940
manhattan,54809
manhattan,43643
manhattan,33050
manhattan,4359
manhattan,12351
manhattan,15766
manhattan,36994
manhattan,24276
manhattan,7416
manhattan,32865
manhattan,21771
manhattan,41476
manhattan,23046
manhattan,18453
manhattan,27183
manhattan,1355
manhattan,52901
manhattan,36965
manhattan,24043
manhattan,54288
manhattan,44725
manhattan,4379
manhattan,11105
manhattan,15391
manhattan,9942
manhattan,52129
manhattan,21576
manhattan,35113
manhattan,7271
manhattan,10368
manhattan,26496
manhattan,15139
manhattan,16810
manhattan,27559
manhattan,33297
manhattan,51770
manhattan,39954
manhattan,10269
manhattan,24854
manhattan,47255
manhattan,2355
manhattan,17359
manhattan,35937
manhattan,27793
manhattan,28225
manhattan,49269
manhattan,30616
manhattan,35444
manhattan,43876
manhattan,44618
manhattan,49533
manhattan,10689
manhattan,7035
manhattan,54365
manhattan,41917
manhattan,3989
manhattan,21676
manhattan,51470
manhattan,9397
manhattan,5210
manhattan,39879
manhattan,24855
manhattan,45853
manhattan,18179
manhattan,52075
manhattan,14330
manhattan,17773
manhattan,6765
manhattan,53098
manhattan,14272
manhattan,53057
manhattan,7733
manhattan,23077
manhattan,8076
manhattan,41427
manhattan,50295
manhattan,27128
manhattan,28255
manhattan,36437
manhattan,13160
manhattan,45001
manhattan,22456
manhattan,1928
manhattan,6886
manhattan,25717
manhattan,11063
manhattan,41584
manhattan,5079
manhattan,2973
manhattan,14183
manhattan,38473
manhattan,20504
manhattan,50236
manhattan,50724
manhattan,46635
manhattan,18729
manhattan,33216
manhattan,51775
manhattan,30023
manhattan,41458
manhattan,16188
manhattan,47082
manhattan,15933
manhattan,10907
manhattan,49689
manhattan,4385
manhattan,22952
manhattan,23172
manhattan,14655
manhattan,26128
manhattan,40912
manhattan,36991
manhattan,11690
manhattan,13466
manhattan,12753
manhattan,213
manhattan,29080
manhattan,53772
manhattan,32952
manhattan,34581
manhattan,48860
manhattan,5482
manhattan,18644
manhattan,52884
manhattan,10149
manhattan,27328
manhattan,34290
manhattan,52934
manhattan,45929
manhattan,42142
manhattan,15768
manhattan,41987
manhattan,4716
manhattan,54282
manhattan,50963
manhattan,49775
manhattan,39651
manhattan,22512
manhattan,23940
manhattan,39118
manhattan,40489
manhattan,27723
manhattan,17376
manhattan,55600
manhattan,11772
manhattan,15173
manhattan,29044
manhattan,1787
manhattan,237
manhattan,50949
manhattan,11141
manhattan,43718
manhattan,32843
manhattan,12576
manhattan,30872
manhattan,18378
manhattan,47710
manhattan,9430
manhattan,33219
manhattan,6373
manhattan,2373
manhattan,32438
manhattan,12828
manhattan,614
manhattan,28818
manhattan,17189
manhattan,11150
manhattan,55273
manhattan,17515
manhattan,15721
manhattan,355
manhattan,25286
manhattan,4632
manhattan,38312
manhattan,16069
manhattan,412
manhattan,6226
manhattan,51454
manhattan,41273
manhattan,48786
manhattan,50864
manhattan,20212
manhattan,14035
manhattan,14648
manhattan,37619
manhattan,52200
manhattan,2890
manhattan,35979
manhattan,18975
manhattan,52855
manhattan,42016
manhattan,4194
manhattan,40689
manhattan,11082
manhattan,45618
manhattan,32864
manhattan,55707
manhattan,26341
manhattan,34385
manhattan,8416
manhattan,37389
manhattan,55489
manhattan,53088
manhattan,40520
manhattan,9773
manhattan,35097
manhattan,28558
manhattan,10565
manhattan,34336
manhattan,26961
manhattan,25174
manhattan,9351
manhattan,29967
manhattan,3473
manhattan,46527
manhattan,3234
manhattan,45771
manhattan,24605
manhattan,20129
manhattan,55615
manhattan,40319
manhattan,40420
manhattan,36258
manhattan,30813
manhattan,26912
manhattan,37952
manhattan,40778
manhattan,31128
manhattan,9656
manhattan,26779
manhattan,20543
manhattan,1829
manhattan,3259
manhattan,28969
manhattan,44409
manhattan,30134
manhattan,9502
manhattan,12484
manhattan,34004
manhattan,12973
manhattan,53829
manhattan,47966
manhattan,48136
manhattan,46385
manhattan,38188
manhattan,52062
manhattan,33754
manhattan,20571
manhattan,32655
manhattan,39523
manhattan,26041
manhattan,3424
manhattan,5884
manhattan,36148
manhattan,7257
manhattan,52329
manhattan,6195
manhattan,20610
manhattan,35973
manhattan,46955
manhattan,50986
manhattan,18997
manhattan,53984
manhattan,24278
manhattan,29012
manhattan,3130
manhattan,181
manhattan,27808
manhattan,13810
manhattan,12471
manhattan,52220
manhattan,1849
manhattan,52119
manhattan,16350
manhattan,45470
manhattan,577
manhattan,47965
manhattan,6805
manhattan,45841
manhattan,38240
manhattan,43155
manhattan,50461
manhattan,6165
manhattan,8821
manhattan,34901
manhattan,40542
manhattan,44184
manhattan,40359
manhattan,49667
manhattan,23884
manhattan,41404
manhattan,14476
manhattan,40296
manhattan,36796
manhattan,51022
manhattan,47733
manhattan,46280
manhattan,17997
